loop,date,time,spd,lat,lon,mx,my,mz,mdir,th_des,th_err,dist,st,st_fin,col,waypoint
5394,5394,12.7.2023, 010:55:12.00,5.37,37.43956,24.945402,-43.66,-4.81,58.11,263.71,283.29,19.58,4.88,102,102,0,1
5398,5398,12.7.2023, 010:55:13.00,3.91,37.439556,24.945389,-41.22,-2.38,61.64,266.7,291.95,25.25,3.94,108,108,0,1
5401,5401,12.7.2023, 010:55:14.00,4.54,37.439552,24.945377,-46.09,1.28,59.29,271.59,304.98,33.39,3.11,114,114,0,1
5403,5403,12.7.2023, 010:55:15.00,4.76,37.439552,24.945362,-42.44,9.81,60.46,283.02,326.99,43.97,2.04,126,126,0,2
5407,5407,12.7.2023, 010:55:18.00,3.5,37.439568,24.94533,-36.34,30.53,58.11,310.03,158.22,-151.81,124.67,30,30,0,2
5411,5411,12.7.2023, 010:55:19.00,2.39,37.439568,24.945322,-37.56,-9.69,56.93,255.54,157.9,-97.64,124.95,30,30,0,2
5415,5415,12.7.2023, 010:55:20.00,2.48,37.439568,24.945314,-4.66,-34.06,56.93,187.78,157.67,-30.11,125.18,60,60,0,2
5419,5419,12.7.2023, 010:55:21.00,4.11,37.43956,24.945314,19.72,-35.28,59.29,150.8,157.51,6.71,124.48,90,90,0,2
5423,5423,12.7.2023, 010:55:22.00,4.98,37.439548,24.945318,22.16,-35.28,56.93,147.87,157.5,9.63,123.31,90,90,0,2
5427,5427,12.7.2023, 010:55:23.00,5.35,37.439537,24.945324,17.28,-36.5,59.29,154.66,157.35,2.69,121.67,90,90,0,2
5431,5431,12.7.2023, 010:55:24.00,5.52,37.439522,24.94533,16.06,-34.06,61.64,154.75,157.31,2.55,120.1,90,90,0,2
5435,5435,12.7.2023, 010:55:25.00,5.78,37.439507,24.945335,20.94,-37.72,60.46,150.97,157.26,6.29,118.52,90,90,0,2
5439,5439,12.7.2023, 010:55:26.00,5.57,37.439495,24.945341,16.06,-37.72,59.29,156.93,157.24,0.31,116.89,90,90,0,2
5442,5442,12.7.2023, 010:55:27.00,5.65,37.43948,24.945349,17.28,-35.28,58.11,153.9,157.19,3.29,115.25,90,90,0,2
5444,5444,12.7.2023, 010:55:28.00,5.8,37.439468,24.945354,19.72,-36.5,56.93,151.62,157.11,5.48,113.68,90,90,0,2
5447,5447,12.7.2023, 010:55:29.00,5.56,37.439453,24.94536,14.84,-35.28,58.11,157.18,157.09,-0.1,112.04,90,90,0,2
5451,5451,12.7.2023, 010:55:30.00,5.65,37.439442,24.945368,19.72,-38.94,63.99,153.14,157.18,4.04,110.76,90,90,0,2
5455,5455,12.7.2023, 010:55:31.00,5.69,37.43943,24.945374,20.94,-32.84,58.11,147.48,157.17,9.68,109.13,90,90,0,2
5459,5459,12.7.2023, 010:55:32.00,5.52,37.439415,24.945379,19.72,-37.72,58.11,152.4,157.03,4.63,107.55,90,90,0,2
5463,5463,12.7.2023, 010:55:33.00,5.52,37.439404,24.945385,17.28,-35.28,58.11,153.9,156.94,3.03,105.98,90,90,0,2
5465,5465,12.7.2023, 010:55:34.00,5.82,37.439388,24.945393,18.5,-36.5,59.29,153.12,156.99,3.87,104.28,90,90,0,2
5469,5469,12.7.2023, 010:55:35.00,5.76,37.439377,24.9454,18.5,-35.28,60.46,152.33,157.05,4.72,103.0,90,90,0,2
5473,5473,12.7.2023, 010:55:36.00,5.59,37.439362,24.945406,17.28,-37.72,61.64,155.38,157.03,1.65,101.02,90,90,0,2
5477,5477,12.7.2023, 010:55:37.00,5.46,37.43935,24.945412,22.16,-38.94,55.76,150.36,156.93,6.57,99.79,90,90,0,2
5480,5480,12.7.2023, 010:55:38.00,5.57,37.439335,24.945419,17.28,-35.28,59.29,153.9,156.86,2.96,97.81,90,90,0,2
5484,5484,12.7.2023, 010:55:39.00,5.72,37.439323,24.945427,18.5,-35.28,59.29,152.33,157.05,4.72,96.46,90,90,0,2
5486,5486,12.7.2023, 010:55:40.00,5.63,37.439308,24.945433,18.5,-38.94,59.29,154.59,156.72,2.13,94.54,90,90,0,2
5490,5490,12.7.2023, 010:55:41.00,5.74,37.439297,24.94544,17.28,-36.5,58.11,154.66,157.01,2.34,93.2,90,90,0,2
5494,5494,12.7.2023, 010:55:42.00,5.76,37.439281,24.945446,18.5,-37.72,58.11,153.87,156.76,2.88,91.62,90,90,0,2
5498,5498,12.7.2023, 010:55:43.00,5.65,37.43927,24.945452,17.28,-37.72,58.11,155.38,156.74,1.35,90.05,90,90,0,2
5502,5502,12.7.2023, 010:55:44.00,5.56,37.439255,24.945457,18.5,-37.72,60.46,153.87,156.66,2.78,88.41,90,90,0,2
5506,5506,12.7.2023, 010:55:45.00,5.98,37.439243,24.945463,16.06,-35.28,58.11,155.52,156.58,1.06,86.84,90,90,0,2
5508,5508,12.7.2023, 010:55:46.00,5.72,37.439228,24.945469,16.06,-36.5,58.11,156.25,156.46,0.21,85.26,90,90,0,2
5512,5512,12.7.2023, 010:55:47.00,5.69,37.439213,24.945473,16.06,-37.72,60.46,156.93,156.32,-0.61,83.69,90,90,0,2
5516,5516,12.7.2023, 010:55:48.00,5.65,37.439201,24.945478,14.84,-36.5,58.11,157.87,156.24,-1.63,82.12,84,84,0,2
5520,5520,12.7.2023, 010:55:49.00,5.83,37.439186,24.945484,16.06,-38.94,58.11,157.58,155.99,-1.59,80.55,84,84,0,2
5524,5524,12.7.2023, 010:55:50.00,5.85,37.439175,24.945488,17.28,-35.28,61.64,153.9,155.9,1.99,78.97,90,90,0,2
5527,5527,12.7.2023, 010:55:51.00,5.57,37.439159,24.945496,14.84,-36.5,61.64,157.87,155.79,-2.08,77.34,84,84,0,2
5529,5529,12.7.2023, 010:55:52.00,5.74,37.439148,24.945501,14.84,-34.06,61.64,156.45,155.86,-0.59,76.12,90,90,0,2
5533,5533,12.7.2023, 010:55:53.00,5.74,37.439133,24.945507,17.28,-37.72,59.29,155.38,155.56,0.18,74.14,90,90,0,2
5537,5537,12.7.2023, 010:55:54.00,5.43,37.439121,24.945513,19.72,-36.5,58.11,151.62,155.52,3.9,72.91,90,90,0,2
5541,5541,12.7.2023, 010:55:55.00,5.85,37.439106,24.945518,18.5,-35.28,60.46,152.33,155.39,3.06,70.93,90,90,0,2
5545,5545,12.7.2023, 010:55:56.00,6.0,37.439091,24.945526,19.72,-36.5,59.29,151.62,155.32,3.7,69.3,90,90,0,2
5548,5548,12.7.2023, 010:55:57.00,5.61,37.439079,24.945532,16.06,-37.72,61.64,156.93,155.13,-1.8,67.73,84,84,0,2
5550,5550,12.7.2023, 010:55:58.00,5.59,37.439064,24.945538,20.94,-36.5,58.11,150.16,154.98,4.82,66.1,90,90,0,2
5554,5554,12.7.2023, 010:55:59.00,5.91,37.439053,24.945543,18.5,-36.5,61.64,153.12,155.06,1.94,64.88,90,90,0,2
5558,5558,12.7.2023, 010:56:00.00,5.8,37.439037,24.945551,23.38,-40.16,56.93,149.8,154.8,5.01,62.84,90,90,0,2
5562,5562,12.7.2023, 010:56:01.00,5.48,37.439026,24.945557,18.5,-37.72,59.29,153.87,154.81,0.93,61.61,90,90,0,2
5566,5566,12.7.2023, 010:56:02.00,5.57,37.439011,24.945562,20.94,-37.72,59.29,150.97,154.5,3.53,59.7,90,90,0,2
5569,5569,12.7.2023, 010:56:03.00,5.87,37.438999,24.945568,19.72,-32.84,61.64,149.02,154.47,5.45,58.42,90,90,0,2
5572,5572,12.7.2023, 010:56:04.00,5.87,37.438984,24.945574,19.72,-38.94,56.93,153.14,154.31,1.17,56.85,90,90,0,2
5576,5576,12.7.2023, 010:56:05.00,5.41,37.438972,24.945578,17.28,-36.5,60.46,154.66,153.64,-1.02,55.35,90,90,0,2
5580,5580,12.7.2023, 010:56:06.00,5.37,37.438957,24.945583,20.94,-34.06,58.11,148.42,153.62,5.2,53.79,90,90,0,2
5584,5584,12.7.2023, 010:56:07.00,5.87,37.438946,24.945589,14.84,-35.28,59.29,157.18,153.29,-3.89,52.16,84,84,0,2
5588,5588,12.7.2023, 010:56:08.00,5.78,37.438931,24.945595,17.28,-35.28,62.81,153.9,153.17,-0.74,50.6,90,90,0,2
5592,5592,12.7.2023, 010:56:09.00,5.59,37.438919,24.945601,17.28,-32.84,61.64,152.25,153.19,0.95,49.31,90,90,0,2
5596,5596,12.7.2023, 010:56:10.00,5.67,37.438904,24.945606,22.16,-36.5,60.46,148.74,152.75,4.01,47.41,90,90,0,2
5600,5600,12.7.2023, 010:56:11.00,5.5,37.438892,24.945612,18.5,-34.06,62.81,151.49,152.38,0.89,46.19,90,90,0,2
5604,5604,12.7.2023, 010:56:12.00,5.48,37.438877,24.945618,18.5,-37.72,58.11,153.87,151.82,-2.06,44.23,84,84,0,2
5608,5608,12.7.2023, 010:56:13.00,5.46,37.438866,24.945625,22.16,-31.63,56.93,144.99,151.93,6.94,42.94,90,90,0,2
5611,5611,12.7.2023, 010:56:14.00,5.65,37.438854,24.945633,24.59,-32.84,60.46,143.17,152.23,9.06,41.58,90,90,0,2
5613,5613,12.7.2023, 010:56:15.00,5.78,37.438839,24.945641,22.16,-34.06,56.93,146.96,151.85,4.89,39.62,90,90,0,2
5617,5617,12.7.2023, 010:56:16.00,5.69,37.438828,24.945648,22.16,-36.5,56.93,148.74,151.57,2.83,38.33,90,90,0,2
5621,5621,12.7.2023, 010:56:17.00,5.5,37.438812,24.945656,20.94,-32.84,60.46,147.48,151.33,3.85,36.31,90,90,0,2
5625,5625,12.7.2023, 010:56:18.00,5.8,37.438801,24.945662,23.38,-35.28,60.46,146.47,151.09,4.61,35.09,90,90,0,2
5629,5629,12.7.2023, 010:56:19.00,5.52,37.438789,24.945669,16.06,-35.28,56.93,155.52,151.27,-4.25,33.73,84,84,0,2
5632,5632,12.7.2023, 010:56:20.00,5.37,37.438774,24.945675,22.16,-37.72,56.93,149.57,150.51,0.94,31.85,90,90,0,2
5634,5634,12.7.2023, 010:56:21.00,5.48,37.438763,24.945683,18.5,-35.28,61.64,152.33,150.15,-2.18,30.49,84,84,0,2
5638,5638,12.7.2023, 010:56:22.00,5.82,37.438751,24.945688,17.28,-36.5,58.11,154.66,149.81,-4.86,28.94,84,84,0,2
5641,5641,12.7.2023, 010:56:23.00,5.93,37.438736,24.945694,19.72,-35.28,56.93,150.8,149.02,-1.78,27.4,90,90,0,2
5645,5645,12.7.2023, 010:56:24.00,5.69,37.438721,24.945702,22.16,-31.63,59.29,144.99,148.27,3.28,25.39,90,90,0,2
5649,5649,12.7.2023, 010:56:25.00,5.41,37.438709,24.945709,25.81,-34.06,58.11,142.85,148.06,5.22,24.1,90,90,0,2
5653,5653,12.7.2023, 010:56:26.00,5.57,37.438698,24.945717,25.81,-34.06,60.46,142.85,147.64,4.8,22.74,90,90,0,2
5655,5655,12.7.2023, 010:56:27.00,5.67,37.438686,24.945724,24.59,-35.28,56.93,145.12,147.37,2.25,21.13,90,90,0,2
5659,5659,12.7.2023, 010:56:28.00,5.35,37.438671,24.945732,24.59,-31.63,61.64,142.13,146.51,4.38,19.44,90,90,0,2
5663,5663,12.7.2023, 010:56:29.00,5.3,37.43866,24.94574,27.03,-32.84,60.46,140.54,146.44,5.9,18.16,90,90,0,2
5667,5667,12.7.2023, 010:56:30.00,5.85,37.438648,24.945747,27.03,-31.63,59.29,139.48,145.32,5.84,16.48,90,90,0,2
5671,5671,12.7.2023, 010:56:31.00,5.52,37.438637,24.945757,29.47,-34.06,58.11,139.14,144.79,5.65,15.11,90,90,0,2
5675,5675,12.7.2023, 010:56:32.00,5.39,37.438625,24.945765,20.94,-31.63,63.99,146.49,145.98,-0.51,13.74,90,90,0,2
5677,5677,12.7.2023, 010:56:33.00,5.82,37.43861,24.945774,24.59,-30.41,60.46,141.03,143.3,2.27,11.76,90,90,0,2
5681,5681,12.7.2023, 010:56:34.00,5.7,37.438599,24.945784,27.03,-31.63,61.64,139.48,142.9,3.43,10.3,90,90,0,2
5685,5685,12.7.2023, 010:56:35.00,5.91,37.438587,24.945793,23.38,-31.63,59.29,143.53,141.55,-1.98,8.64,90,90,0,2
5689,5689,12.7.2023, 010:56:36.00,5.28,37.438576,24.945801,23.38,-32.84,60.46,144.56,140.6,-3.96,7.27,84,84,0,2
5693,5693,12.7.2023, 010:56:37.00,5.65,37.43856,24.945808,24.59,-31.63,61.64,142.13,134.09,-8.04,5.73,84,84,0,2
5696,5696,12.7.2023, 010:56:38.00,5.46,37.438549,24.945816,27.03,-32.84,61.64,140.54,127.94,-12.6,4.13,78,78,0,2
5699,5699,12.7.2023, 010:56:39.00,5.54,37.438538,24.945824,27.03,-29.19,61.64,137.2,113.97,-23.23,2.98,66,66,0,2
5703,5703,12.7.2023, 010:56:40.00,5.28,37.438526,24.945835,36.78,-23.09,59.29,122.12,82.82,-39.3,1.51,54,54,0,0
5707,5707,12.7.2023, 010:56:43.00,3.74,37.438503,24.945871,48.97,18.34,58.11,69.46,355.41,-74.06,128.0,30,30,0,0
5711,5711,12.7.2023, 010:56:44.00,2.39,37.438499,24.945879,24.59,42.72,65.16,29.93,355.09,-34.84,128.45,54,54,0,0
5715,5715,12.7.2023, 010:56:45.00,3.44,37.438507,24.945885,-3.44,51.25,60.46,356.16,354.86,-1.3,127.73,84,84,0,0
5719,5719,12.7.2023, 010:56:46.00,5.13,37.438519,24.945887,-8.31,50.03,61.64,350.57,354.76,4.19,126.61,90,90,0,0
5723,5723,12.7.2023, 010:56:47.00,4.39,37.43853,24.945885,-10.75,43.94,63.99,346.25,354.75,8.5,125.08,90,90,0,0
5727,5727,12.7.2023, 010:56:48.00,4.54,37.438541,24.945883,-15.63,48.81,62.81,342.25,354.77,12.52,123.93,90,90,0,0
5731,5731,12.7.2023, 010:56:49.00,5.91,37.438553,24.945879,-11.97,47.59,62.81,345.88,354.87,8.98,122.77,90,90,0,0
5735,5735,12.7.2023, 010:56:50.00,5.61,37.438568,24.945875,-14.41,45.16,61.64,342.31,355.01,12.7,120.84,90,90,0,0
5738,5738,12.7.2023, 010:56:51.00,4.8,37.43858,24.945871,-10.75,42.72,61.64,345.88,355.09,9.21,119.68,90,90,0,0
5740,5740,12.7.2023, 010:56:52.00,5.19,37.438595,24.945868,-14.41,47.59,58.11,343.16,355.15,11.99,117.76,90,90,0,0
5744,5744,12.7.2023, 010:56:53.00,5.72,37.438606,24.945862,-14.41,43.94,61.64,341.85,355.33,13.48,116.59,96,96,0,0
5748,5748,12.7.2023, 010:56:54.00,5.48,37.438622,24.945858,-8.31,42.72,65.16,348.99,355.48,6.49,115.04,90,90,0,0
5752,5752,12.7.2023, 010:56:55.00,4.83,37.438633,24.945856,-9.53,43.94,62.81,347.76,355.52,7.76,113.51,90,90,0,0
5756,5756,12.7.2023, 010:56:56.00,5.37,37.438648,24.945854,-11.97,46.38,62.81,345.53,355.53,10.0,111.99,90,90,0,0
5759,5759,12.7.2023, 010:56:57.00,5.78,37.438663,24.94585,-8.31,47.59,65.16,350.09,355.62,5.53,110.07,90,90,0,0
5761,5761,12.7.2023, 010:56:58.00,5.22,37.438675,24.945848,-5.88,43.94,62.81,352.38,355.64,3.26,108.92,90,90,0,0
5765,5765,12.7.2023, 010:56:59.00,5.09,37.43869,24.945847,-14.41,45.16,66.34,342.31,355.64,13.34,107.02,96,96,0,0
5769,5769,12.7.2023, 010:57:00.00,5.06,37.438702,24.945845,-11.97,47.59,60.46,345.88,355.68,9.8,105.87,90,90,0,0
5773,5773,12.7.2023, 010:57:01.00,5.37,37.438717,24.945841,-7.09,45.16,63.99,351.07,355.86,4.78,104.32,90,90,0,0
5777,5777,12.7.2023, 010:57:02.00,5.2,37.438728,24.945839,-15.63,43.94,60.46,340.42,355.89,15.46,102.8,96,96,0,0
5780,5780,12.7.2023, 010:57:03.00,5.28,37.438744,24.945835,-13.19,43.94,61.64,343.29,355.99,12.69,101.26,96,96,0,0
5782,5782,12.7.2023, 010:57:04.00,5.15,37.438755,24.945833,-8.31,46.38,62.81,349.84,356.02,6.18,99.73,90,90,0,0
5786,5786,12.7.2023, 010:57:05.00,5.04,37.438766,24.945831,-9.53,50.03,61.64,349.21,356.05,6.84,98.59,90,90,0,0
5790,5790,12.7.2023, 010:57:06.00,5.63,37.438782,24.945831,-7.09,46.38,63.99,351.3,356.0,4.7,97.07,90,90,0,0
5794,5794,12.7.2023, 010:57:07.00,5.04,37.438793,24.945829,-11.97,46.38,63.99,345.53,356.03,10.51,95.55,90,90,0,0
5798,5798,12.7.2023, 010:57:08.00,5.06,37.438808,24.945827,-7.09,48.81,61.64,351.73,356.15,4.41,94.01,90,90,0,0
5801,5801,12.7.2023, 010:57:09.00,5.52,37.43882,24.945824,-9.53,46.38,62.81,348.39,356.28,7.9,92.85,90,90,0,0
5803,5803,12.7.2023, 010:57:10.00,5.17,37.438835,24.945824,-9.53,47.59,62.81,348.68,356.2,7.52,90.96,90,90,0,0
5807,5807,12.7.2023, 010:57:11.00,5.28,37.438847,24.94582,-9.53,46.38,63.99,348.39,356.36,7.97,89.8,90,90,0,0
5811,5811,12.7.2023, 010:57:12.00,5.22,37.438862,24.945818,-10.75,47.59,60.46,347.27,356.37,9.1,87.9,90,90,0,0
5815,5815,12.7.2023, 010:57:13.00,5.2,37.438873,24.945814,-8.31,45.16,63.99,349.57,356.51,6.94,86.74,90,90,0,0
5818,5818,12.7.2023, 010:57:14.00,5.54,37.438889,24.945812,-5.88,47.59,62.81,352.96,356.55,3.59,84.84,90,90,0,0
5822,5822,12.7.2023, 010:57:15.00,5.19,37.4389,24.94581,-8.31,46.38,61.64,349.84,356.69,6.85,83.68,90,90,0,0
5824,5824,12.7.2023, 010:57:16.00,5.04,37.438911,24.945808,-4.66,47.59,62.81,354.41,356.76,2.35,82.54,90,90,0,0
5828,5828,12.7.2023, 010:57:17.00,5.48,37.438927,24.945807,-9.53,51.25,61.64,349.46,356.79,7.33,80.63,90,90,0,0
5832,5832,12.7.2023, 010:57:18.00,5.22,37.438942,24.945807,-3.44,43.94,61.64,355.53,356.74,1.21,79.12,90,90,0,0
5836,5836,12.7.2023, 010:57:19.00,5.11,37.438953,24.945807,-3.44,47.59,62.81,355.87,356.66,0.79,77.6,90,90,0,0
5840,5840,12.7.2023, 010:57:20.00,5.17,37.438965,24.945807,-7.09,45.16,62.81,351.07,356.61,5.54,76.46,90,90,0,0
5844,5844,12.7.2023, 010:57:21.00,5.59,37.43898,24.945805,-2.22,50.03,65.16,357.46,356.67,-0.79,74.94,90,90,0,0
5846,5846,12.7.2023, 010:57:22.00,5.19,37.438992,24.945805,-1.0,45.16,63.99,358.73,356.6,-2.14,73.42,90,90,0,0
5850,5850,12.7.2023, 010:57:23.00,4.93,37.439007,24.945803,-7.09,47.59,63.99,351.52,356.64,5.12,71.9,90,90,0,0
5854,5854,12.7.2023, 010:57:24.00,5.26,37.439018,24.945801,-11.97,43.94,61.64,344.76,356.68,11.92,70.37,96,96,0,0
5858,5858,12.7.2023, 010:57:25.00,5.61,37.439034,24.945799,-9.53,45.16,63.99,348.08,356.74,8.65,68.84,90,90,0,0
5862,5862,12.7.2023, 010:57:26.00,5.39,37.439045,24.945795,-5.88,45.16,63.99,352.59,357.07,4.48,67.68,90,90,0,0
5865,5865,12.7.2023, 010:57:27.00,4.96,37.43906,24.945793,-7.09,45.16,66.34,351.07,357.13,6.05,65.78,90,90,0,0
5867,5867,12.7.2023, 010:57:28.00,5.07,37.439072,24.945791,-7.09,47.59,61.64,351.52,357.2,5.68,64.63,90,90,0,0
5871,5871,12.7.2023, 010:57:29.00,5.48,37.439083,24.945789,-7.09,45.16,63.99,351.07,357.26,6.19,63.11,90,90,0,0
5875,5875,12.7.2023, 010:57:30.00,5.46,37.439098,24.945787,-3.44,47.59,61.64,355.87,357.34,1.47,61.58,90,90,0,0
5879,5879,12.7.2023, 010:57:31.00,5.17,37.439114,24.945786,-4.66,47.59,62.81,354.41,357.39,2.98,59.68,90,90,0,0
5883,5883,12.7.2023, 010:57:32.00,5.22,37.439125,24.945786,-3.44,48.81,63.99,355.97,357.36,1.39,58.54,90,90,0,0
5886,5886,12.7.2023, 010:57:33.00,5.39,37.43914,24.945784,-10.75,48.81,61.64,347.58,357.43,9.85,57.02,90,90,0,0
5888,5888,12.7.2023, 010:57:34.00,5.43,37.439152,24.945782,-7.09,46.38,60.46,351.3,357.53,6.23,55.49,90,90,0,0
5892,5892,12.7.2023, 010:57:35.00,5.19,37.439167,24.945782,-7.09,42.72,63.99,350.57,357.45,6.88,53.98,90,90,0,0
5896,5896,12.7.2023, 010:57:36.00,5.17,37.439178,24.94578,-8.31,45.16,62.81,349.57,357.56,7.99,52.83,90,90,0,0
5900,5900,12.7.2023, 010:57:37.00,5.22,37.439194,24.945778,-8.31,43.94,65.16,349.29,357.81,8.52,50.92,90,90,0,0
5904,5904,12.7.2023, 010:57:38.00,5.24,37.439205,24.945776,-8.31,45.16,61.64,349.57,357.93,8.36,49.78,90,90,0,0
5908,5908,12.7.2023, 010:57:39.00,5.35,37.43922,24.945774,-5.88,45.16,62.81,352.59,358.04,5.45,47.88,90,90,0,0
5910,5910,12.7.2023, 010:57:40.00,5.28,37.439232,24.945774,-9.53,46.38,65.16,348.39,357.98,9.6,46.74,90,90,0,0
5914,5914,12.7.2023, 010:57:41.00,5.33,37.439247,24.945772,-9.53,46.38,62.81,348.39,358.09,9.7,44.83,96,96,0,0
5918,5918,12.7.2023, 010:57:42.00,5.17,37.439259,24.94577,-5.88,46.38,62.81,352.78,358.24,5.46,43.69,90,90,0,0
5922,5922,12.7.2023, 010:57:43.00,5.22,37.43927,24.94577,-1.0,50.03,62.81,358.85,358.19,-0.67,42.55,90,90,0,0
5926,5926,12.7.2023, 010:57:44.00,5.35,37.439285,24.94577,-2.22,47.59,65.16,357.33,358.11,0.78,40.65,90,90,0,0
5929,5929,12.7.2023, 010:57:45.00,5.35,37.439297,24.94577,-2.22,46.38,63.99,357.26,358.04,0.78,39.52,90,90,0,0
5931,5931,12.7.2023, 010:57:46.00,5.0,37.439312,24.94577,-2.22,46.38,62.81,357.26,357.95,0.69,37.62,90,90,0,0
5935,5935,12.7.2023, 010:57:47.00,5.26,37.439323,24.94577,-3.44,47.59,63.99,355.87,357.89,2.02,36.48,90,90,0,0
5939,5939,12.7.2023, 010:57:48.00,5.5,37.439339,24.94577,-2.22,47.59,61.64,357.33,357.81,0.48,34.96,90,90,0,0
5943,5943,12.7.2023, 010:57:49.00,5.09,37.43935,24.945772,-2.22,47.59,62.81,357.33,357.45,0.12,33.45,90,90,0,0
5947,5947,12.7.2023, 010:57:50.00,5.2,37.439365,24.945774,0.22,46.38,60.46,0.27,357.06,-3.21,31.94,90,90,0,0
5950,5950,12.7.2023, 010:57:51.00,5.56,37.439377,24.945776,0.22,47.59,63.99,0.26,356.63,-3.63,30.43,90,90,0,0
5952,5952,12.7.2023, 010:57:52.00,5.02,37.439392,24.945776,0.22,46.38,62.81,0.27,356.46,-3.81,28.92,90,90,0,0
5955,5955,12.7.2023, 010:57:53.00,5.2,37.439404,24.945776,-5.88,48.81,61.64,353.14,356.34,3.2,27.78,90,90,0,0
5959,5959,12.7.2023, 010:57:54.00,5.46,37.439415,24.945776,-4.66,50.03,61.64,354.68,356.13,1.45,26.26,90,90,0,0
5963,5963,12.7.2023, 010:57:55.00,5.35,37.43943,24.945776,-3.44,46.38,62.81,355.76,355.87,0.11,24.75,90,90,0,0
5967,5967,12.7.2023, 010:57:56.00,5.11,37.439445,24.945774,-7.09,47.59,61.64,351.52,355.87,4.35,22.84,90,90,0,0
5971,5971,12.7.2023, 010:57:57.00,5.54,37.439457,24.945774,-5.88,48.81,62.81,353.14,355.66,2.52,21.71,90,90,0,0
5973,5973,12.7.2023, 010:57:58.00,5.44,37.439472,24.945772,-5.88,48.81,65.16,353.14,355.76,2.62,19.8,90,90,0,0
5977,5977,12.7.2023, 010:57:59.00,5.17,37.439484,24.945772,-5.88,47.59,61.64,352.96,355.46,2.5,18.67,90,90,0,0
5981,5981,12.7.2023, 010:58:00.00,5.2,37.439499,24.94577,-5.88,43.94,61.64,352.38,355.61,3.22,17.14,90,90,0,0
5985,5985,12.7.2023, 010:58:01.00,5.35,37.43951,24.94577,-5.88,45.16,63.99,352.59,355.14,2.55,15.63,90,90,0,0
5989,5989,12.7.2023, 010:58:02.00,5.54,37.439526,24.945766,-11.97,46.38,61.64,345.53,355.82,10.29,14.09,96,96,0,0
5993,5993,12.7.2023, 010:58:03.00,5.26,37.439537,24.945766,-8.31,46.38,61.64,349.84,355.46,5.62,12.95,90,90,0,0
5995,5995,12.7.2023, 010:58:04.00,5.33,37.439552,24.945765,-5.88,47.59,63.99,352.96,355.46,2.5,11.05,90,90,0,0
5999,5999,12.7.2023, 010:58:05.00,5.57,37.439564,24.945765,-5.88,46.38,61.64,352.78,354.86,2.08,9.91,90,90,0,0
6003,6003,12.7.2023, 010:58:06.00,5.3,37.439579,24.945765,-2.22,46.38,61.64,357.26,353.37,-3.89,8.03,90,90,0,0
6007,6007,12.7.2023, 010:58:07.00,5.24,37.43959,24.945765,-3.44,46.38,61.64,355.76,352.66,-3.1,6.89,90,90,0,0
6011,6011,12.7.2023, 010:58:08.00,5.32,37.439606,24.945763,-7.09,46.38,63.99,351.3,353.29,1.99,4.97,90,90,0,0
6015,6015,12.7.2023, 010:58:09.00,5.48,37.439617,24.945763,-4.66,46.38,62.81,354.27,350.98,-3.29,3.84,90,90,0,0
6017,6017,12.7.2023, 010:58:10.00,5.07,37.439632,24.945763,-4.66,47.59,61.64,354.41,343.9,-10.52,2.36,84,84,0,0
6021,6021,12.7.2023, 010:58:11.00,5.33,37.439644,24.945761,-7.09,47.59,63.99,351.52,338.35,-13.18,0.88,78,78,0,1
6025,6025,12.7.2023, 010:58:14.00,3.72,37.439678,24.945751,-36.34,29.31,60.46,308.89,251.22,-57.67,37.86,36,36,0,1
6030,6030,12.7.2023, 010:58:15.00,3.24,37.439682,24.945744,-43.66,-7.25,58.11,260.57,250.01,-10.56,37.28,78,78,0,1
6034,6034,12.7.2023, 010:58:16.00,4.44,37.439682,24.94573,-36.34,-19.44,59.29,241.86,249.72,7.86,36.29,90,90,0,1
6036,6036,12.7.2023, 010:58:17.00,5.02,37.439678,24.945717,-37.56,-18.22,60.46,244.13,249.33,5.21,35.03,90,90,0,1
6040,6040,12.7.2023, 010:58:18.00,5.67,37.439671,24.945702,-38.78,-18.22,59.29,244.84,249.73,4.89,33.49,90,90,0,1
6044,6044,12.7.2023, 010:58:19.00,5.43,37.439663,24.945686,-38.78,-21.88,55.76,240.57,250.48,9.91,31.83,90,90,0,1
6049,6049,12.7.2023, 010:58:20.00,5.5,37.439655,24.945671,-37.56,-19.44,58.11,242.64,251.32,8.68,30.3,90,90,0,1
6053,6053,12.7.2023, 010:58:21.00,5.56,37.439648,24.945656,-33.91,-19.44,58.11,240.18,252.25,12.08,28.77,96,96,0,1
6056,6056,12.7.2023, 010:58:22.00,5.61,37.439644,24.945639,-36.34,-19.44,56.93,241.86,251.66,9.8,27.22,90,90,0,1
6058,6058,12.7.2023, 010:58:23.00,5.72,37.439636,24.945623,-32.69,-19.44,58.11,239.26,252.32,13.06,25.69,96,96,0,1
6062,6062,12.7.2023, 010:58:24.00,5.67,37.439629,24.945608,-37.56,-20.66,56.93,241.19,254.36,13.17,24.06,96,96,0,1
6066,6066,12.7.2023, 010:58:25.00,5.52,37.439621,24.945593,-37.56,-19.44,59.29,242.64,255.3,12.66,22.54,96,96,0,1
6070,6070,12.7.2023, 010:58:26.00,5.61,37.439613,24.945576,-42.44,-18.22,55.76,246.77,255.26,8.49,20.89,90,90,0,1
6074,6074,12.7.2023, 010:58:27.00,5.37,37.43961,24.94556,-38.78,-10.91,62.81,254.29,255.32,1.03,19.48,90,90,0,1
6077,6077,12.7.2023, 010:58:28.00,5.74,37.439602,24.945543,-37.56,-17.0,59.29,245.65,257.65,12.0,17.75,96,96,0,1
6079,6079,12.7.2023, 010:58:29.00,5.54,37.439598,24.945526,-43.66,-13.34,55.76,253.0,258.47,5.47,16.19,90,90,0,1
6083,6083,12.7.2023, 010:58:30.00,5.5,37.439594,24.945511,-40.0,-12.13,59.29,253.14,258.15,5.01,14.79,90,90,0,1
6087,6087,12.7.2023, 010:58:31.00,5.7,37.43959,24.945494,-42.44,-9.69,58.11,257.14,259.22,2.08,13.23,90,90,0,1
6090,6090,12.7.2023, 010:58:32.00,5.57,37.439583,24.945477,-41.22,-13.34,60.46,252.06,262.45,10.39,11.61,96,96,0,1
6094,6094,12.7.2023, 010:58:33.00,5.63,37.439579,24.945461,-40.0,-10.91,56.93,254.75,260.4,5.65,10.21,90,90,0,1
6098,6098,12.7.2023, 010:58:34.00,5.56,37.439575,24.945444,-41.22,-14.56,56.93,250.54,263.7,13.15,8.67,96,96,0,1
6100,6100,12.7.2023, 010:58:35.00,5.72,37.439568,24.945427,-40.0,-12.13,60.46,253.14,270.0,16.86,7.09,102,102,0,1
6104,6104,12.7.2023, 010:58:36.00,5.5,37.439564,24.94541,-40.0,-10.91,60.46,254.75,273.89,19.15,5.59,102,102,0,1
6108,6108,12.7.2023, 010:58:37.00,5.59,37.43956,24.945395,-41.22,-7.25,56.93,260.02,285.1,25.08,4.29,108,108,0,1
6112,6112,12.7.2023, 010:58:38.00,5.52,37.43956,24.945377,-43.66,3.72,59.29,274.87,292.77,17.9,2.82,102,102,0,1
6116,6116,12.7.2023, 010:58:39.00,4.96,37.439556,24.945362,-43.66,7.38,60.46,279.59,321.55,41.96,1.77,126,126,0,2
6119,6119,12.7.2023, 010:58:42.00,3.82,37.439568,24.94532,-41.22,8.59,56.93,281.78,157.83,-123.95,125.01,30,30,0,2
6121,6121,12.7.2023, 010:58:43.00,2.65,37.439568,24.945311,-26.59,-32.84,56.93,219.0,157.54,-61.45,125.29,36,90,0,2
6125,6125,12.7.2023, 010:58:44.00,1.87,37.439564,24.945307,-20.5,-36.5,58.11,209.32,157.32,-52.0,125.06,42,90,0,2